test/error_mse,test/error_rmse,test/error_mape,test/error_mae,test/real_scale_loss,epoch,step
394.9065246582031,19.872255325317383,11.197654724121094,14.939044952392578,14.939044952392578,0,0
